-- sequencer 

Insert into REP_SEQUENCER (SEQUENCER_ID,NAME,VALUE) values (1,'USER',2);
Insert into REP_SEQUENCER (SEQUENCER_ID,NAME,VALUE) values (2,'GROUP',1);
Insert into REP_SEQUENCER (SEQUENCER_ID,NAME,VALUE) values (3,'ROLE',4);
Insert into REP_SEQUENCER (SEQUENCER_ID,NAME,VALUE) values (5,'BOARD',1);
Insert into REP_SEQUENCER (SEQUENCER_ID,NAME,VALUE) values (6,'BOARD_THREAD',1);
Insert into REP_SEQUENCER (SEQUENCER_ID,NAME,VALUE) values (7,'BOARD_MESSAGE',1);
Insert into REP_SEQUENCER (SEQUENCER_ID,NAME,VALUE) values (8,'COMMENT',1);
Insert into REP_SEQUENCER (SEQUENCER_ID,NAME,VALUE) values (11,'IMAGE',1);
Insert into REP_SEQUENCER (SEQUENCER_ID,NAME,VALUE) values (10,'ATTACHMENT',1);
Insert into REP_SEQUENCER (SEQUENCER_ID,NAME,VALUE) values (14,'PAGE',10);
Insert into REP_SEQUENCER (SEQUENCER_ID,NAME,VALUE) values (15,'PAGE_BODY',10);
Insert into REP_SEQUENCER (SEQUENCER_ID,NAME,VALUE) values (18,'ISSUE',1);
Insert into REP_SEQUENCER (SEQUENCER_ID,NAME,VALUE) values (19,'PROJECT',1);

-- user 
Insert into REP_USER (USER_ID,USERNAME,PASSWORD_HASH,NAME,NAME_VISIBLE,FIRST_NAME,LAST_NAME,EMAIL,EMAIL_VISIBLE,USER_ENABLED,STATUS ) values (1,'king','$2a$10$Ly5hmDajddt0/NtE7PuiLuYLGm85mzcuIOiIogo9QznS7oJae4QWG','킹',0,null,null,'king@king.com',0,1,4 );

Insert into REP_USER_ROLES (USER_ID,ROLE_ID) values (1,1);

-- role 
 

Insert into REP_ROLE (ROLE_ID,NAME,DESCRIPTION ) values (1,'ROLE_ADMINISTRATOR','관리자 롤');
Insert into REP_ROLE (ROLE_ID,NAME,DESCRIPTION ) values (2,'ROLE_DEVELOPER','개발자 롤');
Insert into REP_ROLE (ROLE_ID,NAME,DESCRIPTION ) values (3,'ROLE_USER', '일반 사용자 롤');


-- page helpdesk...
 
Insert into REP_PAGE (PAGE_ID,OBJECT_TYPE,OBJECT_ID,NAME,VERSION_ID,USER_ID,READ_COUNT) values (1,-1,-1,'index.html',1,1,0 );
Insert into REP_PAGE (PAGE_ID,OBJECT_TYPE,OBJECT_ID,NAME,VERSION_ID,USER_ID,READ_COUNT) values (2,-1,-1,'privacy.html',1,1,0 );
Insert into REP_PAGE (PAGE_ID,OBJECT_TYPE,OBJECT_ID,NAME,VERSION_ID,USER_ID,READ_COUNT) values (3,-1,-1,'terms.html',1,1,0 );
Insert into REP_PAGE (PAGE_ID,OBJECT_TYPE,OBJECT_ID,NAME,VERSION_ID,USER_ID,READ_COUNT) values (4,-1,-1,'boards.html',1,1,0 );
Insert into REP_PAGE (PAGE_ID,OBJECT_TYPE,OBJECT_ID,NAME,VERSION_ID,USER_ID,READ_COUNT) values (5,-1,-1,'threads.html',1,1,0 );
Insert into REP_PAGE (PAGE_ID,OBJECT_TYPE,OBJECT_ID,NAME,VERSION_ID,USER_ID,READ_COUNT) values (6,-1,-1,'view-thread.html',1,1,0 );
Insert into REP_PAGE (PAGE_ID,OBJECT_TYPE,OBJECT_ID,NAME,VERSION_ID,USER_ID,READ_COUNT) values (7,-1,-1,'technical-support.html',1,1,0 );
Insert into REP_PAGE (PAGE_ID,OBJECT_TYPE,OBJECT_ID,NAME,VERSION_ID,USER_ID,READ_COUNT) values (8,-1,-1,'issues.html',1,1,0 );
Insert into REP_PAGE (PAGE_ID,OBJECT_TYPE,OBJECT_ID,NAME,VERSION_ID,USER_ID,READ_COUNT) values (9,-1,-1,'issue.html',1,1,0 );

Insert into REP_PAGE_BODY (BODY_ID,PAGE_ID,BODY_TYPE) values (1,1,3);
Insert into REP_PAGE_BODY (BODY_ID,PAGE_ID,BODY_TYPE) values (2,2,3);
Insert into REP_PAGE_BODY (BODY_ID,PAGE_ID,BODY_TYPE) values (3,3,3);
Insert into REP_PAGE_BODY (BODY_ID,PAGE_ID,BODY_TYPE) values (4,4,3);
Insert into REP_PAGE_BODY (BODY_ID,PAGE_ID,BODY_TYPE) values (5,5,3);
Insert into REP_PAGE_BODY (BODY_ID,PAGE_ID,BODY_TYPE) values (6,6,3);
Insert into REP_PAGE_BODY (BODY_ID,PAGE_ID,BODY_TYPE) values (7,7,3);
Insert into REP_PAGE_BODY (BODY_ID,PAGE_ID,BODY_TYPE) values (8,8,3);
Insert into REP_PAGE_BODY (BODY_ID,PAGE_ID,BODY_TYPE) values (9,9,3);

Insert into MUSI_PAGE_VERSION (PAGE_ID,VERSION_ID,STATE,TITLE,SUMMARY,USER_ID,CREATION_DATE,MODIFIED_DATE,TEMPLATE,SECURED) values (1,1,'published','HELPDESK','고객 비즈니스와 IT의 연결을 위한 프로페셔널 서비스. 
제품에 대한 사후 기술서비스를 통해 제품가치를 지속적으로 유지하고 안정적인 운영환경을 보장받을 수 있습니다.',308,to_date('17/12/23','RR/MM/DD'),to_date('17/12/23','RR/MM/DD'),'/index.ftl',0);
Insert into MUSI_PAGE_VERSION (PAGE_ID,VERSION_ID,STATE,TITLE,SUMMARY,USER_ID,CREATION_DATE,MODIFIED_DATE,TEMPLATE,SECURED) values (9,1,'published','기술지원서비스',null,308,to_date('18/01/15','RR/MM/DD'),to_date('18/01/15','RR/MM/DD'),'/services/issue.ftl',0);
Insert into  MUSI_PAGE_VERSION (PAGE_ID,VERSION_ID,STATE,TITLE,SUMMARY,USER_ID,CREATION_DATE,MODIFIED_DATE,TEMPLATE,SECURED) values (2,1,'published','개인정보처리방침','본 개인정보처리방침은 수집하는 데이터의 유형, 데이터를 수집하는 이유, 데이터의 용도에 대한 이해를 돕기 위한 것입니다. 개인정보처리방침은 중요한 내용이므로 주의 깊게 읽어보시기 바랍니다. ',308,to_date('18/01/15','RR/MM/DD'),to_date('18/01/15','RR/MM/DD'),'/policies/privacy.ftl',0);
Insert into  MUSI_PAGE_VERSION (PAGE_ID,VERSION_ID,STATE,TITLE,SUMMARY,USER_ID,CREATION_DATE,MODIFIED_DATE,TEMPLATE,SECURED) values (3,1,'published','약관',null,308,to_date('18/01/15','RR/MM/DD'),to_date('18/01/15','RR/MM/DD'),'/policies/terms.ftl',0);
Insert into  MUSI_PAGE_VERSION (PAGE_ID,VERSION_ID,STATE,TITLE,SUMMARY,USER_ID,CREATION_DATE,MODIFIED_DATE,TEMPLATE,SECURED) values (5,1,'published','커뮤티니',null,308,to_date('17/12/19','RR/MM/DD'),to_date('17/12/22','RR/MM/DD'),'/boards/list-thread.ftl',0);
Insert into MUSI_PAGE_VERSION (PAGE_ID,VERSION_ID,STATE,TITLE,SUMMARY,USER_ID,CREATION_DATE,MODIFIED_DATE,TEMPLATE,SECURED) values (7,1,'published','기술지원서비스','소프트웨어가 최적화 되지 않은 상태로 실행이 되지 않으면, 비즈니스 운영 역시 최적의 실행이 되기 어렵습니다.
특히, 복잡한 지원 체계의 멀티벤더 환경에서 소프트웨어 장애 발생 시 근본 원인을 밝혀내는 것이 쉽지 않습니다.
소프트웨어 기술지원 서비스는 End to End의 광범위한 기술 지원 포트폴리오를 제공하여, 
새로운 비즈니스 솔루션을 도입시 꼭 고려하셔야 할 서비스 입니다.',308,to_date('17/12/22','RR/MM/DD'),to_date('18/01/15','RR/MM/DD'),'/services/technical-support.ftl',0);
Insert into  MUSI_PAGE_VERSION (PAGE_ID,VERSION_ID,STATE,TITLE,SUMMARY,USER_ID,CREATION_DATE,MODIFIED_DATE,TEMPLATE,SECURED) values (8,1,'published','기술지원서비스','이슈관리',308,to_date('17/12/27','RR/MM/DD'),to_date('18/01/15','RR/MM/DD'),'/services/issues.ftl',0);
Insert into MUSI_PAGE_VERSION (PAGE_ID,VERSION_ID,STATE,TITLE,SUMMARY,USER_ID,CREATION_DATE,MODIFIED_DATE,TEMPLATE,SECURED) values (4,1,'published','커뮤니티',null,308,to_date('17/12/15','RR/MM/DD'),to_date('17/12/22','RR/MM/DD'),'/boards/list-board.ftl',1);
Insert into MUSI_PAGE_VERSION (PAGE_ID,VERSION_ID,STATE,TITLE,SUMMARY,USER_ID,CREATION_DATE,MODIFIED_DATE,TEMPLATE,SECURED) values (6,1,'published','커뮤티니',null,308,to_date('17/12/19','RR/MM/DD'),to_date('17/12/22','RR/MM/DD'),'/boards/view-thread.ftl',0);



 -- 공통코드 
Insert into REP_CODESET (CODESET_ID,OBJECT_TYPE,OBJECT_ID,PARENT_CODESET_ID,NAME,CODE,GROUP_CODE,DESCRIPTION) values (7,-1,-1,5,'데이터작업','002','ISSUE_TYPE',null);
Insert into REP_CODESET (CODESET_ID,OBJECT_TYPE,OBJECT_ID,PARENT_CODESET_ID,NAME,CODE,GROUP_CODE,DESCRIPTION) values (8,-1,-1,5,'기능변경','003','ISSUE_TYPE',null);
Insert into REP_CODESET (CODESET_ID,OBJECT_TYPE,OBJECT_ID,PARENT_CODESET_ID,NAME,CODE,GROUP_CODE,DESCRIPTION) values (9,-1,-1,5,'추가개발','004','ISSUE_TYPE',null);
Insert into REP_CODESET (CODESET_ID,OBJECT_TYPE,OBJECT_ID,PARENT_CODESET_ID,NAME,CODE,GROUP_CODE,DESCRIPTION) values (10,-1,-1,5,'기술지원','005','ISSUE_TYPE',null);
Insert into REP_CODESET (CODESET_ID,OBJECT_TYPE,OBJECT_ID,PARENT_CODESET_ID,NAME,CODE,GROUP_CODE,DESCRIPTION) values (11,-1,-1,5,'영업지원','006','ISSUE_TYPE',null);
Insert into REP_CODESET (CODESET_ID,OBJECT_TYPE,OBJECT_ID,PARENT_CODESET_ID,NAME,CODE,GROUP_CODE,DESCRIPTION) values (12,-1,-1,-1,'우선순위','PRIORITY','PRIORITY','이슈 우선순의 코드 그룹');
Insert into REP_CODESET (CODESET_ID,OBJECT_TYPE,OBJECT_ID,PARENT_CODESET_ID,NAME,CODE,GROUP_CODE,DESCRIPTION) values (13,-1,-1,12,'상','001','PRIORITY','우선순위 높음');
Insert into REP_CODESET (CODESET_ID,OBJECT_TYPE,OBJECT_ID,PARENT_CODESET_ID,NAME,CODE,GROUP_CODE,DESCRIPTION) values (14,-1,-1,12,'중','002','PRIORITY','우선순위 보통');
Insert into REP_CODESET (CODESET_ID,OBJECT_TYPE,OBJECT_ID,PARENT_CODESET_ID,NAME,CODE,GROUP_CODE,DESCRIPTION) values (15,-1,-1,12,'하','003','PRIORITY','즉시 조치하지 않아도 되는 수준');
Insert into REP_CODESET (CODESET_ID,OBJECT_TYPE,OBJECT_ID,PARENT_CODESET_ID,NAME,CODE,GROUP_CODE,DESCRIPTION) values (16,-1,-1,-1,'지원방법','SUPPORT_METHOD','SUPPORT_METHOD','지원방법');
Insert into REP_CODESET (CODESET_ID,OBJECT_TYPE,OBJECT_ID,PARENT_CODESET_ID,NAME,CODE,GROUP_CODE,DESCRIPTION) values (17,-1,-1,16,'원격','001','SUPPORT_METHOD','원격기술지원');
Insert into REP_CODESET (CODESET_ID,OBJECT_TYPE,OBJECT_ID,PARENT_CODESET_ID,NAME,CODE,GROUP_CODE,DESCRIPTION) values (18,-1,-1,16,'방문','002','SUPPORT_METHOD','방문기술지원');
Insert into REP_CODESET (CODESET_ID,OBJECT_TYPE,OBJECT_ID,PARENT_CODESET_ID,NAME,CODE,GROUP_CODE,DESCRIPTION) values (19,-1,-1,16,'기타','003','SUPPORT_METHOD','전화, 메일등을 이용한 지원');
Insert into REP_CODESET (CODESET_ID,OBJECT_TYPE,OBJECT_ID,PARENT_CODESET_ID,NAME,CODE,GROUP_CODE,DESCRIPTION) values (20,-1,-1,-1,'처리결과','RESOLUTION','RESOLUTION','이슈 처리 결과 코드 그룹');
Insert into REP_CODESET (CODESET_ID,OBJECT_TYPE,OBJECT_ID,PARENT_CODESET_ID,NAME,CODE,GROUP_CODE,DESCRIPTION) values (21,-1,-1,20,'해결','001','RESOLUTION','처리 완료된 이슈');
Insert into REP_CODESET (CODESET_ID,OBJECT_TYPE,OBJECT_ID,PARENT_CODESET_ID,NAME,CODE,GROUP_CODE,DESCRIPTION) values (22,-1,-1,20,'중복이슈','002','RESOLUTION','중복된 이슈');
Insert into REP_CODESET (CODESET_ID,OBJECT_TYPE,OBJECT_ID,PARENT_CODESET_ID,NAME,CODE,GROUP_CODE,DESCRIPTION) values (23,-1,-1,20,'미완','003','RESOLUTION','완벽하게 처리되지 않음');
Insert into REP_CODESET (CODESET_ID,OBJECT_TYPE,OBJECT_ID,PARENT_CODESET_ID,NAME,CODE,GROUP_CODE,DESCRIPTION) values (24,-1,-1,20,'처리불가','004','RESOLUTION','기술된 정보만으로는 처리가 불가함');
Insert into REP_CODESET (CODESET_ID,OBJECT_TYPE,OBJECT_ID,PARENT_CODESET_ID,NAME,CODE,GROUP_CODE,DESCRIPTION) values (26,-1,-1,20,'재현불가','006','RESOLUTION','기술된것과 같이 이슈가 재현되지 않음');
Insert into REP_CODESET (CODESET_ID,OBJECT_TYPE,OBJECT_ID,PARENT_CODESET_ID,NAME,CODE,GROUP_CODE,DESCRIPTION) values (25,-1,-1,20,'처리완료','005','RESOLUTION','작업이 완료됨');
Insert into REP_CODESET (CODESET_ID,OBJECT_TYPE,OBJECT_ID,PARENT_CODESET_ID,NAME,CODE,GROUP_CODE,DESCRIPTION) values (27,-1,-1,-1,'이슈상태','ISSUE_STATUS','ISSUE_STATUS','이슈상태');
Insert into REP_CODESET (CODESET_ID,OBJECT_TYPE,OBJECT_ID,PARENT_CODESET_ID,NAME,CODE,GROUP_CODE,DESCRIPTION) values (28,-1,-1,27,'시작','001','ISSUE_STATUS','이슈 시작');
Insert into REP_CODESET (CODESET_ID,OBJECT_TYPE,OBJECT_ID,PARENT_CODESET_ID,NAME,CODE,GROUP_CODE,DESCRIPTION) values (29,-1,-1,27,'다시시작','002','ISSUE_STATUS','이슈 다시 시작');
Insert into REP_CODESET (CODESET_ID,OBJECT_TYPE,OBJECT_ID,PARENT_CODESET_ID,NAME,CODE,GROUP_CODE,DESCRIPTION) values (30,-1,-1,27,'검토중','003','ISSUE_STATUS','내용 검토중');
Insert into REP_CODESET (CODESET_ID,OBJECT_TYPE,OBJECT_ID,PARENT_CODESET_ID,NAME,CODE,GROUP_CODE,DESCRIPTION) values (31,-1,-1,27,'진행중','004','ISSUE_STATUS','진행중');
Insert into REP_CODESET (CODESET_ID,OBJECT_TYPE,OBJECT_ID,PARENT_CODESET_ID,NAME,CODE,GROUP_CODE,DESCRIPTION) values (32,-1,-1,27,'종결','005','ISSUE_STATUS','종결');
Insert into REP_CODESET (CODESET_ID,OBJECT_TYPE,OBJECT_ID,PARENT_CODESET_ID,NAME,CODE,GROUP_CODE,DESCRIPTION) values (1,-1,-1,-1,'계약상태','CONTRACT','PROJECT','프로젝트 관련 코드 그룹');
Insert into REP_CODESET (CODESET_ID,OBJECT_TYPE,OBJECT_ID,PARENT_CODESET_ID,NAME,CODE,GROUP_CODE,DESCRIPTION) values (2,-1,-1,1,'유상','001','PROJECT','유상계약상태');
Insert into REP_CODESET (CODESET_ID,OBJECT_TYPE,OBJECT_ID,PARENT_CODESET_ID,NAME,CODE,GROUP_CODE,DESCRIPTION) values (3,-1,-1,1,'무상','002','PROJECT','무상하자보수 상태');
Insert into REP_CODESET (CODESET_ID,OBJECT_TYPE,OBJECT_ID,PARENT_CODESET_ID,NAME,CODE,GROUP_CODE,DESCRIPTION) values (4,-1,-1,1,'계약만료','003','PROJECT','계약만료 상태');
Insert into REP_CODESET (CODESET_ID,OBJECT_TYPE,OBJECT_ID,PARENT_CODESET_ID,NAME,CODE,GROUP_CODE,DESCRIPTION) values (5,-1,-1,-1,'이슈유형','ISSUE_TYPE','ISSUE_TYPE','이슈 유형 코드 그룹');
Insert into REP_CODESET (CODESET_ID,OBJECT_TYPE,OBJECT_ID,PARENT_CODESET_ID,NAME,CODE,GROUP_CODE,DESCRIPTION) values (6,-1,-1,5,'오류','001','ISSUE_TYPE',null);

